Ticker,Entry Date,Exit Date,Entry Price,Exit Price,Shares,Entry Value,Net Sale Value,Net Return
HCLTECH.NS,2022-01-18,2022-01-21,1040.8150042809407,971.3837326103936,9.60785534304304,10000.0,9328.24792831311,-0.06764138647545122
APOLLOHOSP.NS,2022-01-19,2022-01-24,4552.916552506059,4626.907911683742,2.18764550599184,9960.16743524574,10116.97328248321,0.01523567646449069
BAJAJ-AUTO.NS,2022-01-21,2022-01-27,2951.9584719287186,3073.516464133135,3.367042505936598,9939.369650743643,10343.486247143508,0.04013810250288023
ETERNAL.NS,2022-01-24,2022-01-28,114.0,93.5999984741211,87.55026301458815,9980.72998366305,8190.607132332064,-0.179768024103001
ETERNAL.NS,2022-01-28,2022-02-02,93.5999984741211,95.75,104.78537284827195,9807.910738708464,10028.182850496927,0.021947643273961575
TRENT.NS,2022-01-28,2022-02-02,1020.4113418547805,1055.5500411300948,9.611722583248465,9807.910738708464,10140.581340994939,0.03340189916303342
HDFCLIFE.NS,2022-02-15,2022-02-18,555.1584890265467,580.750793859819,17.764700376527056,9862.224219042086,10311.705414426739,0.045053520326333744
CIPLA.NS,2022-02-16,2022-02-21,900.0220044466511,866.5350924056565,10.982468327337278,9884.463157741957,9511.93585976797,-0.0381690824364903
ADANIPORTS.NS,2022-02-25,2022-03-03,656.5688054476915,699.691085146455,15.031070913710302,9868.932274414314,10511.847765368015,0.06461308842627327
ASIANPAINT.NS,2022-02-25,2022-03-03,2964.5359324333454,2891.974163886977,3.328997353833291,9868.932274414314,9622.560651764523,-0.025451638693369763
TMPV.NS,2022-02-25,2022-03-03,433.3870576282476,446.685317798576,22.771635886920564,9868.932274414314,10166.669535236098,0.029654319060439617
ASIANPAINT.NS,2022-03-03,2022-03-08,2891.974163886977,2568.3097729942124,3.4360196476063924,9936.880047485722,8820.350459727053,-0.11280578548259063
BAJAJ-AUTO.NS,2022-03-03,2022-03-08,3032.476703678851,2880.808177794369,3.2768199127237447,9936.880047485722,9435.169656933127,-0.05096424786727613
DRREDDY.NS,2022-03-03,2022-03-08,750.4890612433605,725.5308163592925,13.240539483710739,9936.880047485722,9601.61621094377,-0.034222235129930584
HDFCBANK.NS,2022-03-03,2022-03-08,646.1681843541296,609.2976870802052,15.378163592839257,9936.880047485722,9365.19456890365,-0.058002686253999854
MARUTI.NS,2022-03-03,2022-03-08,7567.085770180756,6402.992447541491,1.313171325035524,9936.880047485722,8404.021963492247,-0.15468215251412049
ULTRACEMCO.NS,2022-03-04,2022-03-09,5700.91954950176,5643.668800984263,1.7055322158626658,9723.101951716528,9620.646226259814,-0.01103183378544439
HINDUNILVR.NS,2022-03-07,2022-03-10,1826.222741449552,1893.016364632082,5.228546068214954,9548.48973449079,9892.774408728457,0.035538683962257386
BAJFINANCE.NS,2022-03-08,2022-03-11,597.5730030459107,638.7243946786699,15.8123459827086,9449.03107408812,10094.681250697122,0.06779587805034115
EICHERMOT.NS,2022-03-08,2022-03-11,2137.0892953744924,2174.115834188789,4.421448881214072,9449.03107408812,9607.935651692469,0.016308869063264925
LT.NS,2022-03-08,2022-03-11,1547.1571450067154,1634.6890457175612,6.1073505717139716,9449.03107408812,9978.627268398744,0.055519912038935214
MARUTI.NS,2022-03-08,2022-03-11,6402.992447541491,6875.69657188749,1.475721102516089,9449.03107408812,10141.537220369084,0.07275221198850465
ONGC.NS,2022-03-09,2022-03-14,141.94887548636305,134.9678091958627,67.5188473415546,9584.22445426909,9108.314469666964,-0.05013048976355101
MAXHEALTH.NS,2022-03-21,2022-03-24,334.38079702968867,328.41859295684026,29.022348725802807,9704.516098607512,9526.713193364489,-0.018812260137097143
KOTAKBANK.NS,2022-03-25,2022-03-30,343.73965925206386,347.9965914815516,28.179031198653053,9686.250582278277,9801.303704979373,0.011372297156086194
ONGC.NS,2022-03-31,2022-04-05,125.54334761723531,132.0590369276001,77.24241679125001,9697.271582019273,10195.458891827057,0.05084854268360296
MAXHEALTH.NS,2022-04-01,2022-04-06,347.7957999459863,364.6887447284921,27.916004737620145,9709.069199016541,10175.56239923453,0.047523398193968884
INFY.NS,2022-04-19,2022-04-22,1438.11007103157,1409.728504477574,6.809471342453191,9792.7693159828,9594.706098953497,-0.0207150976455566
HDFCBANK.NS,2022-04-20,2022-04-25,633.7454931291495,631.663309565486,15.393233059282867,9755.392076007147,9718.478868869897,-0.004281736483857099
HINDALCO.NS,2022-04-25,2022-04-28,485.9128300024818,485.2844603632191,20.102976629463875,9768.294265496545,9750.78433424112,-0.0022913813134972532
BAJFINANCE.NS,2022-04-28,2022-05-04,658.0323812324921,646.5157800046829,14.841298295026068,9766.054857657728,9590.335976719203,-0.018483579620642822
AXISBANK.NS,2022-05-02,2022-05-06,718.4437708726648,686.6014658225797,13.55278083361323,9736.910967911866,9300.706506737843,-0.04527642204654123
APOLLOHOSP.NS,2022-05-05,2022-05-10,3987.624770625527,3719.283698975906,2.442410430429599,9739.416332415223,9079.475291455481,-0.06822570133483911
ETERNAL.NS,2022-05-05,2022-05-10,65.75,55.75,148.12800505574484,9739.416332415223,8254.007213716846,-0.15293873975559752
TATACONSUM.NS,2022-05-06,2022-05-11,738.7624772190342,715.5441314967978,12.95792653247315,9572.829904752114,9267.332302534474,-0.03239678922318628
BAJFINANCE.NS,2022-05-09,2022-05-12,581.2879057410337,560.7121937289419,16.42134096047423,9545.52689637352,9203.042290861475,-0.036360887231753646
TATASTEEL.NS,2022-05-11,2022-05-16,101.32709414183317,96.49788991977876,93.32382700770268,9456.232204885642,9001.049609289028,-0.04861141957004044
SBIN.NS,2022-05-16,2022-05-19,407.0625191154061,410.76721220459353,23.034872451901776,9376.633207773208,9457.239355385806,0.008092445271323608
INFY.NS,2022-05-20,2022-05-25,1276.7384777715263,1260.9222603048568,7.350154439814255,9384.224990874078,9263.339363165449,-0.013375103733634859
TCS.NS,2022-05-20,2022-05-25,2885.971624824438,2890.3583930021523,3.251669181413018,9384.224990874078,9393.790065108675,0.0005190121166807617
JSWSTEEL.NS,2022-05-24,2022-05-27,521.731420674713,530.3327208300603,18.007008009224617,9394.821870753696,9544.930698765009,0.015470090833177864
TATASTEEL.NS,2022-05-24,2022-05-27,88.90913430678005,91.62557321904815,105.66767907487392,9394.821870753696,9677.02073512876,0.029522941027450324
GRASIM.NS,2022-05-25,2022-05-30,1363.726775991766,1373.4676504895585,6.846450352448198,9336.687666131871,9398.676390730552,0.0061361948634083415
ASIANPAINT.NS,2022-05-26,2022-05-31,2721.0717353889117,2715.342980857544,3.4221691376971144,9311.967714307862,9287.716765879497,-0.0031027261830069205
ONGC.NS,2022-05-30,2022-06-02,112.97735082327972,114.64506730236036,83.46375717984917,9429.51417593685,9563.923705162075,0.01374725725419441
KOTAKBANK.NS,2022-06-01,2022-06-06,366.019027385727,367.01364940488025,25.825834866555486,9452.746959281036,9473.694686350676,0.001715188932524948
SUNPHARMA.NS,2022-06-01,2022-06-06,839.4086949698159,829.8155858718447,11.261197335608902,9452.746959281036,9340.044706134426,-0.012416490376925214
APOLLOHOSP.NS,2022-06-03,2022-06-08,3639.373238274866,3551.570239444067,2.5926071520984095,9435.465086706967,9203.222490760567,-0.025101243591018813
GRASIM.NS,2022-06-06,2022-06-09,1299.4366947386834,1292.6182219604782,7.227601447959154,9391.810536424566,9337.85806803359,-0.006241508375810969
ULTRACEMCO.NS,2022-06-06,2022-06-09,5442.451418800667,5293.933798559909,1.7256581297135776,9391.810536424566,9130.952137701563,-0.028260961202871894
BAJAJ-AUTO.NS,2022-06-15,2022-06-20,3301.0190053512747,3229.8685894222313,2.8367057502677966,9364.019594223244,9157.60570682327,-0.022532033372319165
TITAN.NS,2022-06-20,2022-06-23,1906.6403356862115,2006.9898175277874,4.900195296215091,9342.910004503536,9829.724742369546,0.05157946843816541
INDIGO.NS,2022-06-21,2022-06-24,1583.3243318101545,1643.6225239656626,5.913281477745516,9362.64244455678,9714.343026057802,0.0370457207368536
ETERNAL.NS,2022-06-29,2022-07-04,58.75,54.5,160.43959589477086,9425.826258817788,8739.58599727688,-0.07326762150839476
ONGC.NS,2022-07-04,2022-07-07,100.79922768764663,94.05083876389725,92.82542293225787,9356.730941350756,8725.943730949659,-0.06788140065713442
RELIANCE.NS,2022-07-04,2022-07-07,1077.4689986763794,1098.7337103035795,8.683990864558575,9356.730941350756,9536.622806107403,0.018716572851728435
BHARTIARTL.NS,2022-07-12,2022-07-15,640.1771551624142,626.3746562535237,14.543951871150467,9310.705733692177,9105.407872432736,-0.02253838709797583
TCS.NS,2022-07-12,2022-07-15,2734.1584432507025,2656.580186606266,3.4053277916924483,9310.705733692177,9042.003077139674,-0.029344864560727876
ETERNAL.NS,2022-07-26,2022-07-29,46.599998474121094,45.599998474121094,198.7634101851182,9262.374611337613,9059.079395551918,-0.022437279916432636
DRREDDY.NS,2022-08-01,2022-08-04,806.4379297790499,800.6329033329378,11.459756082604535,9241.581971028476,9170.47025501101,-0.008190660420525346
ADANIPORTS.NS,2022-08-23,2022-08-26,819.2168735486116,804.7105560217407,11.271751130233818,9234.008720328178,9065.961870789466,-0.01868934396134985
TRENT.NS,2022-08-23,2022-08-26,1304.8378282562408,1361.2406178306405,7.076748175417571,9234.008720328178,9628.340480008004,0.042183195524224955
INFY.NS,2022-09-15,2022-09-20,1309.7956992197146,1250.255623540864,7.066532449285159,9255.713810470257,8830.55444768594,-0.04641159420755593
TCS.NS,2022-09-15,2022-09-20,2754.666136024785,2684.2584586980124,3.3600129211400662,9255.713810470257,9014.633533352388,-0.026533376720725498
M&M.NS,2022-09-19,2022-09-22,1215.1448163739806,1250.9270548851553,7.550464830246338,9174.908199687885,9440.358192747439,0.0284179598529544
NESTLEIND.NS,2022-09-19,2022-09-22,884.4474014437671,891.7945693619974,10.373605241771093,9174.908199687885,9246.499256906955,0.007299268461615013
POWERGRID.NS,2022-09-26,2022-09-29,126.16122793154379,131.80690213882673,73.08862667625789,9220.950889306883,9628.768671046873,0.043705449495559885
TMPV.NS,2022-09-27,2022-09-30,393.49223952008657,387.7442884950467,23.500413820287598,9247.23046379376,9107.595160468532,-0.015592433400367211
ASIANPAINT.NS,2022-09-30,2022-10-06,3266.8182924508837,3205.1212687964157,2.830535677312922,9246.845728080705,9067.673996391994,-0.019866591084507185
EICHERMOT.NS,2022-10-04,2022-10-10,3367.9353727144867,3307.725965014254,2.739605225104647,9226.813344903374,9057.332405298877,-0.018858877502031846
BAJFINANCE.NS,2022-10-24,2022-10-28,715.4314873301132,685.0916762100563,12.874827207245332,9211.056777997735,8816.02673385038,-0.04336482384553025
AXISBANK.NS,2022-11-02,2022-11-07,872.0155730650307,873.2613888299827,10.517120913917628,9171.0932207441,9179.603517972675,0.0004277340911461825
INDIGO.NS,2022-11-10,2022-11-15,1722.6389922187893,1781.6392464582646,5.324090385294766,9171.48569580592,9480.865577941191,0.03321619075494927
EICHERMOT.NS,2022-11-14,2022-11-17,3380.5991692651355,3344.9984955118584,2.7192161497744336,9192.57985697979,9091.226043002045,-0.011519851551592871
TRENT.NS,2022-11-14,2022-11-17,1428.5552333763217,1391.135983728386,6.434878849768776,9192.57985697979,8947.315623086648,-0.027167091271338158
ETERNAL.NS,2022-11-15,2022-11-18,69.5999984741211,68.1500015258789,132.0474602464114,9190.503031661798,8994.535099972729,-0.02181196731434935
SUNPHARMA.NS,2022-12-09,2022-12-14,943.9943646436839,961.5113852152197,9.688964331999708,9146.32772864138,9311.391491403814,0.01753822938127877
HCLTECH.NS,2022-12-12,2022-12-15,879.6658034461478,902.4511401101867,10.411930465744245,9159.019178574335,9391.5603902991,0.02487687532955049
TECHM.NS,2022-12-16,2022-12-21,901.9619702780071,910.4038874345332,10.183547933748958,9185.172958744739,9266.50605594758,0.008350649463886672
BEL.NS,2022-12-19,2022-12-22,95.4639245553846,95.51191781313365,96.25828022035074,9189.193200786633,9189.216042765109,-0.0004972656235568073
DRREDDY.NS,2022-12-19,2022-12-22,846.4014024217516,862.9692950037547,10.856779271034062,9189.193200786633,9364.382619958875,0.018555444864665493
TRENT.NS,2022-12-26,2022-12-29,1285.4554534848662,1336.3776234695158,7.164347307131715,9209.44931661208,9569.4862913009,0.03857501252309891
SHRIRAMFIN.NS,2022-12-30,2023-01-04,247.40884843520118,253.50114955946302,37.36726717773995,9244.99254161513,9467.908862859942,0.023600314616325502
BAJFINANCE.NS,2023-01-06,2023-01-11,599.9445710255272,580.3705988976559,15.446130145443444,9266.821924112532,8959.997563260567,-0.03359319120437904
BAJAJFINSV.NS,2023-01-06,2023-01-11,1469.8741677727323,1414.462896711087,6.304500158781851,9266.821924112532,8913.022816127632,-0.03865979029106468
BHARTIARTL.NS,2023-01-12,2023-01-17,741.6695372569259,735.9979749185353,12.404221061932962,9199.832895036434,9124.916841233491,-0.008638877797147067
HINDUNILVR.NS,2023-01-23,2023-01-27,2398.6118699890003,2469.3516836418157,3.8321670183569716,9191.881298011387,9458.236594737036,0.028463002656740424
ULTRACEMCO.NS,2023-01-24,2023-01-30,6632.035585295735,6501.939051014426,1.3882947418871214,9207.220131074346,9022.09449269557,-0.020596274285729455
ADANIPORTS.NS,2023-01-27,2023-02-01,685.1311046785371,614.5596819121021,13.424870586497589,9197.796415093493,8246.259005250418,-0.10390080794167067
ETERNAL.NS,2023-01-27,2023-02-01,49.0,50.0,187.71013092027536,9197.796415093493,9380.813792740762,0.01938826505114797
SBIN.NS,2023-01-27,2023-02-01,527.684995977524,521.553471182178,17.430467959496923,9197.796415093493,9086.375608071054,-0.012607555020190533
BEL.NS,2023-01-30,2023-02-02,89.22444840600033,85.96073137846898,101.10777997619348,9021.28589793111,8686.95306544951,-0.037541670022790685
ICICIBANK.NS,2023-01-30,2023-02-02,774.1460562765634,801.6282311010465,11.65320913901066,9021.28589793111,9336.870658041285,0.034465004363025235
TRENT.NS,2023-01-30,2023-02-02,1175.7889212719078,1210.8664014640758,7.672538611923939,9021.28589793111,9285.774009504958,0.028803825506965447
BEL.NS,2023-02-02,2023-02-07,85.96073137846898,90.7123283992003,106.24538926053924,9132.931366426086,9632.947758182154,0.05422161900075501
SBILIFE.NS,2023-02-02,2023-02-07,1082.1288108730962,1134.5380509909294,8.439782098636986,9132.931366426086,9570.466306009253,0.04738370195596627
SBIN.NS,2023-02-02,2023-02-07,483.2776668207723,509.1045148167841,18.897896578806968,9132.931366426086,9616.193966576879,0.05238809828062941
ADANIPORTS.NS,2023-02-03,2023-02-08,449.8929606589668,552.8096277573529,20.492300563596338,9219.34177126977,11322.676875930258,0.2275299742129208
HDFCLIFE.NS,2023-02-03,2023-02-08,489.59136893717493,478.5360526538397,18.8306868874823,9219.34177126977,9006.65699061025,-0.023557631770704364
HINDALCO.NS,2023-02-08,2023-02-13,421.44578567976805,423.8847424885875,22.45077834348675,9461.785918093095,9511.78412559884,0.004781834274444892
TATASTEEL.NS,2023-02-08,2023-02-13,101.29588317871094,98.8873281149504,93.40740828924083,9461.785918093095,9232.190627349364,-0.024753157722088772
INDIGO.NS,2023-02-17,2023-02-22,1895.7462776038124,1853.8671731147126,4.981088525787908,9442.880031177488,9229.659366084392,-0.02306851170354905
NESTLEIND.NS,2023-02-20,2023-02-23,915.3858879107913,897.5856603621816,10.308159180571103,9435.943444232855,9247.829637278792,-0.020425664069499312
CIPLA.NS,2023-02-21,2023-02-24,935.0551217516216,926.6668028564621,10.087735509654976,9432.58875517859,9343.295627987183,-0.009961468986680473
BAJAJ-AUTO.NS,2023-02-28,2023-03-03,3375.938461251211,3443.5593163149406,2.7821602225418034,9392.401700642102,9575.743486937768,0.019010718768501196
CIPLA.NS,2023-03-01,2023-03-06,875.2763485591928,853.2932966092335,10.737015212165428,9397.855469328662,9157.24219457906,-0.02608995301966927
HINDALCO.NS,2023-03-17,2023-03-22,379.74020873884325,380.5695025414053,24.716200241499873,9385.73503893821,9401.528914606057,0.0011821621185914455
BAJAJFINSV.NS,2023-03-21,2023-03-24,1255.8594913977538,1278.1037971646383,7.470205435922793,9381.528399394734,9542.924084286218,0.016695212199986334
INFY.NS,2023-04-18,2023-04-21,1140.0362461201344,1102.4674657463806,8.24755849984739,9402.515631822225,9088.118585462813,-0.03392058543125595
SHRIRAMFIN.NS,2023-05-02,2023-05-05,253.6703593800867,249.7399962402707,36.94008958833167,9370.605801404692,9220.80512598776,-0.016477992693655148
DRREDDY.NS,2023-05-12,2023-05-17,885.3616801361758,880.4625063447875,10.566480810570015,9355.15720357293,9298.738482629717,-0.0065274976499962965
HINDALCO.NS,2023-05-12,2023-05-17,408.763399610702,401.7393111234585,22.886484485848275,9355.15720357293,9189.803311126714,-0.018166076111922086
LT.NS,2023-05-12,2023-05-17,2139.4593270335567,2141.0956513590827,4.372673546705942,9355.15720357293,9357.631159507157,-0.00023543392793169587
ADANIENT.NS,2023-05-25,2023-05-30,2435.5685856257746,2524.706205118338,3.8314766085099725,9331.824064246874,9668.516091886757,0.03556219911886914
COALINDIA.NS,2023-06-02,2023-06-07,181.87063477357185,182.06960723003368,51.49279149691795,9365.02667580765,9370.584686860358,9.343915559491904e-05
ADANIENT.NS,2023-06-26,2023-06-30,2206.036232413036,2433.5224143905175,4.24522230776566,9365.114225579131,10325.678218198365,0.10201730706392349
ADANIPORTS.NS,2023-06-26,2023-06-30,695.9129077892283,737.8636616274921,13.45730783372041,9365.114225579131,9924.693604620357,0.05922186305613936
EICHERMOT.NS,2023-07-05,2023-07-10,3259.7487566796876,3067.841698041598,2.9193023026153755,9516.19205132262,8951.479354485724,-0.0598123909955734
POWERGRID.NS,2023-07-14,2023-07-19,160.6564202854528,159.33418698913638,58.87872364658236,9459.244972036364,9376.702866404645,-0.009221466863219297
HINDUNILVR.NS,2023-07-24,2023-07-27,2459.7645667813194,2419.1466993587183,3.8420416030266247,9450.517799224592,9289.815031629358,-0.017495904174848923
INFY.NS,2023-07-24,2023-07-27,1219.998361010124,1236.0101907567564,7.746336471632496,9450.517799224592,9569.763544558517,0.012111850084690644
ITC.NS,2023-07-25,2023-07-28,401.62380976171266,401.45213724855495,23.499891769453484,9438.116061435823,9429.364735068848,-0.0014265190726378068
ASIANPAINT.NS,2023-07-26,2023-07-31,3291.2374534662067,3217.0358082912458,2.866875254498127,9435.567212019698,9218.22893144874,-0.023522178014737806
M&M.NS,2023-07-28,2023-08-02,1422.8933108165538,1455.3956262035008,6.632058455248769,9436.711612917841,9647.442734060756,0.02182008085839692
TECHM.NS,2023-07-28,2023-08-02,1003.1149717572911,1042.3277670664288,9.407407803301238,9436.711612917841,9800.699568313528,0.03805245611939562
INDIGO.NS,2023-08-04,2023-08-09,2460.9412385353935,2555.781171746086,3.8515355378800606,9478.40263685364,9838.76016901978,0.037500053981715145
MAXHEALTH.NS,2023-08-07,2023-08-10,541.7167723769383,546.4865719499522,17.5417000376557,9502.633126403263,9581.510367992934,0.007796668523413751
ADANIENT.NS,2023-08-09,2023-08-14,2485.034020222413,2476.6950675641287,3.8373271420279735,9535.888494662357,9499.137260687992,-0.004351815673014643
BSE.NS,2023-08-11,2023-08-17,294.98789814019824,276.8107193510341,32.35571714048412,9544.544992090196,8951.931132107604,-0.0625579940352439
ADANIENT.NS,2023-08-16,2023-08-21,2446.7349250583866,2584.5511415764986,3.878630450137423,9489.980583746164,10019.506498277218,0.05527078377853483
INDIGO.NS,2023-08-17,2023-08-22,2454.5021000321844,2440.6256326487055,3.853705995289153,9458.929458343846,9400.750905978302,-0.006647325057472293
BEL.NS,2023-09-13,2023-09-18,131.86348332136367,141.6311586231358,72.0720671311566,9503.673822085471,10202.546546964057,0.07300061154822116
POWERGRID.NS,2023-09-13,2023-09-18,173.63540649414062,175.4778196426439,54.73350173201095,9503.673822085471,9599.713287567485,0.009600709081066307
INDIGO.NS,2023-09-18,2023-09-22,2400.94268810259,2396.949447743978,3.9910218270607403,9582.214673739325,9561.49442552525,-0.002661034751987117
HDFCBANK.NS,2023-09-21,2023-09-26,743.5254363384076,730.1199143423902,12.886360852442538,9581.337075626512,9403.88438742959,-0.01901115461826359
ASIANPAINT.NS,2023-09-29,2023-10-05,3092.9315375958636,3107.4522226790937,3.0913840433541786,9561.439202510757,9601.525052567287,0.003690604098873874
TECHM.NS,2023-09-29,2023-10-05,1116.1933838052994,1107.0741130638828,8.566113490042497,9561.439202510757,9478.580833146161,-0.00916130819481534
AXISBANK.NS,2023-10-05,2023-10-10,997.606229461282,997.5064314461529,9.57913606034733,9556.2058066597,9550.472202980278,-0.0010994377442930991
SBIN.NS,2023-11-20,2023-11-23,534.1509536100332,532.0200331450485,17.888491205385623,9555.154636001424,9512.277166162166,-0.00498487291477461
CIPLA.NS,2023-11-24,2023-11-30,1156.720230261047,1166.391485709326,8.256438230643187,9550.3891312857,9625.424134879931,0.007353071766489823
DRREDDY.NS,2023-12-12,2023-12-15,1079.7851433723365,1099.4176454818894,8.851219310481776,9557.415112188557,9726.32110062672,0.017164186793951795
HDFCLIFE.NS,2024-01-16,2024-01-19,609.7981164475891,608.5601636760862,15.699995756053823,9573.827840276765,9549.614791024464,-0.003027573810684071
AXISBANK.NS,2024-01-18,2024-01-24,1063.4482074850514,1032.3230568353206,8.990846245929367,9561.299324007288,9276.817151194104,-0.03023838638934507
HDFCBANK.NS,2024-01-18,2024-01-24,715.2782697105378,660.8183625809348,13.367244230523879,9561.299324007288,8828.90378441192,-0.07706147045461206
KOTAKBANK.NS,2024-01-18,2024-01-24,352.5964776989446,356.3813967396311,27.11683164393649,9561.299324007288,9659.102369251304,0.009724191710508145
MAXHEALTH.NS,2024-01-19,2024-01-25,711.6774338644705,734.57051081218,13.521941018215868,9623.260284710594,9927.852711362537,0.031136119376832236
ASIANPAINT.NS,2024-01-24,2024-01-30,2962.566816246501,2899.5331807602547,3.2225972318437104,9547.159621188008,9339.355588156006,-0.022254930846917067
HDFCBANK.NS,2024-01-24,2024-01-30,660.8183625809348,696.3908230536141,14.447479310199562,9547.159621188008,10056.061461875994,0.05277761582594494
HINDUNILVR.NS,2024-01-24,2024-01-30,2272.272831171449,2335.074220580043,4.201590359317045,9547.159621188008,9806.119820812133,0.0266110131284166
SBILIFE.NS,2024-01-24,2024-01-30,1373.3981703411991,1417.7719279814821,6.951487068616209,9547.159621188008,9850.695411998538,0.03127766963118037
MAXHEALTH.NS,2024-01-25,2024-01-31,734.57051081218,730.6388768753809,13.058174996644034,9592.150277559645,9536.039908433384,-0.006346440005670773
TECHM.NS,2024-01-29,2024-02-01,1233.3065798718417,1225.9325716145834,7.683832872213745,9476.521639936764,9415.15106239322,-0.006972579494233062
BAJFINANCE.NS,2024-01-31,2024-02-05,670.3112575177814,677.5844490120838,14.278971667593693,9571.3554545655,9670.371545270706,0.009840123665278623
TRENT.NS,2024-01-31,2024-02-05,3046.340935295991,3167.037665556972,3.141918668284422,9571.3554545655,9945.59947719108,0.038581129892959046
LT.NS,2024-02-01,2024-02-06,3387.8621385741612,3257.4101528277174,2.8323957921694394,9595.766465747613,9221.661672834118,-0.03946670866141376
JIOFIN.NS,2024-02-07,2024-02-12,272.3863547249893,275.0260410185492,35.199234923021564,9587.791289790383,9675.865874646597,0.008681777393832064
HINDALCO.NS,2024-02-14,2024-02-19,505.6986046531195,509.3808821397165,18.97596566495157,9596.119358711514,9661.16113280107,0.006274787271349891
ASIANPAINT.NS,2024-02-27,2024-03-01,2768.6178928424547,2747.186643679733,3.4682083630884533,9602.143730152533,9523.051784728663,-0.008732538701724189
SHRIRAMFIN.NS,2024-02-28,2024-03-04,462.8269327175222,475.9842518565328,20.74216470306731,9600.032467442297,9868.007276200438,0.02740024804927114
APOLLOHOSP.NS,2024-03-01,2024-03-06,6061.140308687409,5984.656154595706,1.5878824370277074,9624.378244525433,9498.17893433253,-0.0136056608515464
BAJAJ-AUTO.NS,2024-03-01,2024-03-06,7589.023626653724,7984.6451624224355,1.2681971644841445,9624.378244525433,10121.041302218977,0.051079150626472676
MAXHEALTH.NS,2024-03-01,2024-03-06,782.9446799106362,731.0868158196052,12.29253929616578,9624.378244525433,8982.419955665026,-0.06716768999838582
M&M.NS,2024-03-11,2024-03-14,1864.3801260623197,1806.5871992342484,5.144593992782572,9591.478796803425,9289.510573792097,-0.031966984818167385
ADANIENT.NS,2024-03-14,2024-03-19,2923.5486738289983,3121.8342030248423,3.2702730370623803,9560.802400562452,10204.145595221102,0.06675628727406913
ADANIPORTS.NS,2024-03-14,2024-03-19,1193.9654621452044,1254.2064865150046,8.007603824137849,9560.802400562452,10038.167063347208,0.049404649081850695
BSE.NS,2024-03-14,2024-03-19,663.1459520817078,672.3745999173866,14.417342623520142,9560.802400562452,9689.008050872058,0.012903055847948977
BEL.NS,2024-03-18,2024-03-21,186.29129133713764,186.29128651470353,51.86457024191639,9661.917765012286,9657.086556141363,-0.0009995261105262816
TCS.NS,2024-03-20,2024-03-26,3667.9945238818095,3565.850574289269,2.635776081915689,9668.012234645399,9394.084263569279,-0.028819022886841784
INFY.NS,2024-03-26,2024-04-01,1374.9424783172167,1405.3533500790074,7.022415387369647,9655.41721648298,9864.04050279116,0.021096315805679677
SUNPHARMA.NS,2024-04-15,2024-04-19,1485.240538594574,1472.909450973797,6.514632830725728,9675.796774252975,9590.666533867105,-0.009293619872596639
NESTLEIND.NS,2024-04-19,2024-04-24,1184.8982400181717,1226.3696223532909,8.158337681577976,9666.799960375674,10000.134932836612,0.03396546997193697
SUNPHARMA.NS,2024-04-24,2024-04-29,1452.993425043117,1483.6748263751142,6.67563249113527,9699.65011762375,9899.515643290577,0.020095388918525393
TATACONSUM.NS,2024-04-25,2024-04-30,1090.973000529661,1075.234051312475,8.89358428699665,9702.66033504818,9557.903321264579,-0.015411605889407029
KOTAKBANK.NS,2024-04-26,2024-05-02,327.1875870257657,316.739200943621,29.72395862674022,9725.310299936826,9410.035532862788,-0.03290151405342114
BAJFINANCE.NS,2024-04-29,2024-05-03,667.3577357399369,720.3388672379123,14.52422263487736,9692.852330994494,10457.130899278643,0.07831055192944093
BAJAJFINSV.NS,2024-04-29,2024-05-03,1599.8439274103753,1646.9510080129614,6.058623697552833,9692.852330994494,9973.267277652927,0.028415867247833262
APOLLOHOSP.NS,2024-04-30,2024-05-06,5959.823512329284,6009.488712703728,1.6280681969058353,9702.99911959494,9778.96552409112,0.0073255046586793455
BSE.NS,2024-04-30,2024-05-06,931.0410741604726,947.5866682728881,10.421666013332672,9702.99911959494,9870.494059538985,0.01675380542664429
HCLTECH.NS,2024-04-30,2024-05-06,1243.9699317771608,1227.340648208788,7.800027051886245,9702.99911959494,9568.503612779192,-0.01435405341946636
KOTAKBANK.NS,2024-05-03,2024-05-08,315.34475067587306,326.69955335864137,31.049560460287864,9791.315901944923,10138.805595590997,0.03497209442654607
COALINDIA.NS,2024-05-07,2024-05-10,396.6892648663437,383.1520866964609,24.73698283112033,9812.89553428849,9473.287577023122,-0.035090787699954905
TITAN.NS,2024-05-07,2024-05-10,3298.3573587699175,3227.140807845126,2.975085615934621,9812.89553428849,9596.219687916659,-0.022569440139857025
DRREDDY.NS,2024-05-09,2024-05-14,1192.5736051356653,1165.9520694072646,8.219790580215708,9802.705285708029,9579.089896178297,-0.023299949783774143
ASIANPAINT.NS,2024-05-10,2024-05-15,2617.3381206479758,2779.4303847250108,3.717549364377763,9730.08366677657,10327.503325236672,0.060868796987356935
LT.NS,2024-05-10,2024-05-15,3194.7151474006923,3300.2451003511496,3.0456811383303557,9730.08366677657,10046.468506879664,0.03200014787896977
ETERNAL.NS,2024-05-14,2024-05-17,191.6999969482422,195.14999389648438,51.170006578448245,9809.290104930062,9980.833558231507,0.01697936636617854
TMPV.NS,2024-05-14,2024-05-17,943.1615247337288,922.5412686909273,10.400434970774914,9809.290104930062,9590.033057639737,-0.022840558808269944
INDIGO.NS,2024-05-27,2024-05-30,4252.813302163181,4033.23415347434,2.310134686312431,9824.571523738074,9312.655458903047,-0.0525793989402978
TATASTEEL.NS,2024-05-31,2024-06-05,155.84713485979879,152.1867696808004,62.70817039703775,9772.888688678384,9538.582208375712,-0.024462919364874686
MAXHEALTH.NS,2024-06-03,2024-06-06,756.4683170353569,818.5783837232094,12.974470423220373,9814.77580547853,10615.310718189965,0.0810237468093644
AXISBANK.NS,2024-06-05,2024-06-10,1135.2758622111123,1182.1632278442382,8.617310008999803,9783.0240504077,10181.973482065883,0.04025963619316636
BAJFINANCE.NS,2024-06-05,2024-06-10,649.0814756336619,712.5742700509335,15.072104839931045,9783.0240504077,10734.624107392783,0.09672218144110799
BAJAJFINSV.NS,2024-06-05,2024-06-10,1487.0664983618592,1582.9274167423985,6.578740131113573,9783.0240504077,10408.461287102575,0.0633991702024274
BHARTIARTL.NS,2024-06-05,2024-06-10,1291.1247179304962,1384.040254064603,7.577133265706976,9783.0240504077,10481.813921425362,0.07089337403519473
COALINDIA.NS,2024-06-05,2024-06-10,387.2646580129402,415.5384518919173,25.26185606660964,9783.0240504077,10492.023925554491,0.07193649747286678
HDFCBANK.NS,2024-06-05,2024-06-10,725.06989130594,763.8700143938665,13.492525572655168,9783.0240504077,10301.38243554202,0.05245926671863203
HINDALCO.NS,2024-06-05,2024-06-10,615.6757759826726,664.8218181693172,15.88989600052582,9783.0240504077,10558.667574816141,0.0787452657786985
ICICIBANK.NS,2024-06-05,2024-06-10,1058.5778828175676,1088.8228833488845,9.24166677691081,9783.0240504077,10057.506997852128,0.027543293942373814
JIOFIN.NS,2024-06-05,2024-06-10,337.6813730896601,353.8681779581994,27.724375736215837,9362.00526665902,9805.86893963981,0.046887731447488736
INDIGO.NS,2024-06-12,2024-06-18,4382.643680234589,4292.745495180574,2.3647287105949206,10363.763338958117,10146.102930470648,-0.02149131714126854
TITAN.NS,2024-07-09,2024-07-12,3150.152076192015,3245.5510028900635,3.2828507512702263,10341.47910994242,10649.33221834942,0.02925414247653624
BSE.NS,2024-07-11,2024-07-16,752.9685570351281,785.4469645060777,13.766929948552614,10366.065378165353,10807.786741989134,0.042091203859105475
M&M.NS,2024-07-11,2024-07-16,2707.535917202375,2704.5905213905417,3.828597549640757,10366.065378165353,10349.611248655958,-0.0020862640003717287
TRENT.NS,2024-07-19,2024-07-24,5297.608746928956,5274.156627924772,1.9656486466196355,10413.237463721245,10361.955268321437,-0.00542200099022549
LT.NS,2024-07-24,2024-07-29,3482.1949818901894,3631.3336586429027,2.9888012120041245,10407.588582308079,10847.907772923207,0.041786619821769705
AXISBANK.NS,2024-07-26,2024-07-31,1163.1081895407196,1155.1211010593768,8.967805937137676,10430.528527696719,10353.722417259192,-0.007859657762445465
EICHERMOT.NS,2024-08-05,2024-08-08,4456.547562828282,4517.50311255433,2.343270847499473,10442.897984470339,10580.440480463123,0.012664580247499788
ADANIPORTS.NS,2024-08-06,2024-08-09,1511.148390901911,1527.598652156923,6.921440412276469,10459.323541735044,10567.896453255602,0.009875552996860656
HINDALCO.NS,2024-08-06,2024-08-09,613.7119211573378,614.2672926240256,17.042725065550062,10459.323541735044,10463.554190658579,-9.546636420158694e-05
TATASTEEL.NS,2024-08-06,2024-08-09,144.77832143456956,146.4921844563585,72.24371327210049,10459.323541735044,10577.847800783586,0.010826510704701416
SBIN.NS,2024-09-09,2024-09-12,755.9222919924988,746.2927156991332,13.860808291512017,10477.693972588395,10339.048151526737,-0.01372561195653932
ONGC.NS,2024-09-12,2024-09-17,260.35903244587945,265.511981932466,40.18798736302185,10463.305505783599,10665.056978545514,0.018772424172824653
TMPV.NS,2024-09-12,2024-09-17,960.013861504205,978.4019879449698,10.899119195413585,10463.305505783599,10658.38802769801,0.01813537711013503
BSE.NS,2024-09-20,2024-09-25,1237.8245487553727,1323.32901522144,8.484193163934512,10501.942574700653,11221.76529508564,0.06800786013601928
BEL.NS,2024-09-20,2024-09-25,270.3406690320036,290.0735428870144,38.84706881988743,10501.942574700653,11262.872629918738,0.07192016408789553
EICHERMOT.NS,2024-10-04,2024-10-09,4671.8642317059985,4590.678554282481,2.2793829464763506,10648.96765800349,10458.682452181502,-0.018359707716569692
LT.NS,2024-10-04,2024-10-09,3448.8347173640486,3475.375798534109,3.0877002033146193,10648.96765800349,10725.553100448611,0.006688474247512344
RELIANCE.NS,2024-10-04,2024-10-09,1391.9046094477658,1385.5594536683957,7.650644725020659,10648.96765800349,10595.122913847912,-0.005553557871034914
HDFCLIFE.NS,2024-10-16,2024-10-21,718.8935962963126,744.1335712305718,14.787467737742693,10630.615862101542,10998.349251554764,0.03407488030228208
BAJAJ-AUTO.NS,2024-10-18,2024-10-23,9665.129951715431,9971.398965688242,1.100226423660642,10633.831360991222,10965.311224601142,0.03065686645655614
ETERNAL.NS,2024-10-21,2024-10-24,258.0,267.20001220703125,41.34786505799559,10667.749184962862,11042.625973206987,0.03462382065140968
KOTAKBANK.NS,2024-10-22,2024-10-25,357.3603122953124,351.9857938025428,30.08370599418723,10750.72256908311,10583.742616318863,-0.016023962887338296
TATACONSUM.NS,2024-10-22,2024-10-25,1007.2486715510491,981.2627936014824,10.673354924884846,10750.72256908311,10468.129387657298,-0.026772584684017404
HINDALCO.NS,2024-10-25,2024-10-30,685.8660257413243,682.3601443385969,15.58671149978765,10690.395870735952,10630.43283340479,-0.006106003767969338
HINDUNILVR.NS,2024-10-25,2024-10-30,2404.231105477805,2456.7875756265485,4.446492621436821,10690.395870735952,10918.625783547373,0.02083864160931303
NESTLEIND.NS,2024-10-25,2024-10-30,1111.1913477973185,1115.9661654810711,9.620661546660893,10690.395870735952,10730.96460923054,0.0032932304861409555
SBILIFE.NS,2024-10-25,2024-10-30,1639.4462592357625,1631.123734229375,6.520735773138025,10690.395870735952,10630.808820761864,-0.006070850770653833
SHRIRAMFIN.NS,2024-10-28,2024-10-31,615.4660098047278,619.5510316027887,17.33338726577538,10668.110696866854,10733.548502700936,0.005631148320056086
COALINDIA.NS,2024-10-29,2024-11-01,384.3898693571747,393.4327986390145,27.90697314717941,10727.157762198476,10974.028787565201,0.022502396110896817
INDIGO.NS,2024-10-29,2024-11-01,4020.9051356934197,4043.1675031257355,2.667846517186867,10727.157762198476,10781.157066446305,0.004531621584629242
MARUTI.NS,2024-10-30,2024-11-04,10753.445112416015,11062.953537681522,0.9971323291667704,10722.607771510404,11025.713014177893,0.027753989286246984
TMPV.NS,2024-10-30,2024-11-04,831.8875007745625,825.9875719649766,12.889492583464335,10722.607771510404,10641.237402534842,-0.00808463114050448
CIPLA.NS,2024-10-31,2024-11-05,1529.2148514853711,1552.2992887940122,7.034058504729178,10756.586731648842,10913.504532219464,0.014081025802682461
HINDALCO.NS,2024-11-08,2024-11-13,646.610178002703,639.9441001327267,16.662995548243845,10774.4625175082,10658.05399879072,-0.011298464525460176
TRENT.NS,2024-11-08,2024-11-13,6536.561082149571,6485.666430024429,1.648338075954303,10774.4625175082,10685.225639085607,-0.008777869069294772
ASIANPAINT.NS,2024-11-12,2024-11-18,2482.085521771461,2467.398537436715,4.347253187221542,10790.254195477428,10721.04295293952,-0.006910781131027922
ADANIPORTS.NS,2024-11-22,2024-11-27,1062.927260322337,1092.062147163934,10.109214708935308,10745.359894578878,11034.370775820526,0.026383151039068506
ADANIENT.NS,2024-11-27,2024-12-02,2177.946162197628,2489.002840016431,4.9467355537554845,10773.723714708314,12306.282622686598,0.1416788551590777
HDFCLIFE.NS,2024-11-29,2024-12-04,665.7802079250404,631.0007090497045,16.392143333642743,10913.56459700973,10338.28233933977,-0.053185997150713225
SBILIFE.NS,2024-11-29,2024-12-04,1437.2627713862262,1436.266013619336,7.593298048403287,10913.56459700973,10900.54292024457,-0.0016923182418784903
TATACONSUM.NS,2024-12-10,2024-12-13,923.7788259806194,904.83084773347,11.763117819768226,10866.519169417195,10638.310052915147,-0.021490378808455286
M&M.NS,2024-12-23,2024-12-27,2864.660059968986,2932.595179479213,3.7851454290621525,10843.154931808518,11094.749089275998,0.02269169413988308
INDIGO.NS,2025-01-14,2025-01-17,3954.3675778409565,4093.0830761575867,2.7482958971007863,10867.772189808675,11243.378922984213,0.034044498420846114
HCLTECH.NS,2025-01-15,2025-01-20,1705.6215982017811,1679.852244571819,6.386305947560781,10892.62135688416,10722.686355342068,-0.016092881561246403
MAXHEALTH.NS,2025-01-16,2025-01-21,1050.2693531795187,1064.876510623016,10.378560347153122,10900.28386273911,11046.359185202931,0.012894609429519172
AXISBANK.NS,2025-01-20,2025-01-23,990.439061296575,952.450837032954,10.963901881848221,10859.076688005503,10437.35623575126,-0.03931609791545664
INFY.NS,2025-01-20,2025-01-23,1733.0494968108637,1766.370941552174,6.265877984436245,10859.076688005503,11062.330862622179,0.018208341193904642
ETERNAL.NS,2025-01-22,2025-01-27,207.14999389648438,213.0,52.48913006797327,10873.122973212438,11174.594612126068,0.02721270922705985
ICICIBANK.NS,2025-01-22,2025-01-27,1181.840346118592,1175.9361728164579,9.200162279890023,10873.122973212438,10813.39421889386,-0.00599025225695802
DRREDDY.NS,2025-01-27,2025-01-30,1209.0164473621294,1173.073854123064,9.016807278232424,10901.468302077556,10572.092175328124,-0.030698573977518653
SUNPHARMA.NS,2025-01-29,2025-02-01,1674.4270236741213,1708.2985043128194,6.4905666484311055,10867.980195091013,11082.281385008699,0.0192089803867357
TMPV.NS,2025-01-31,2025-02-04,694.2228650095947,684.6846715779925,15.68761536546855,10890.701284184117,10735.69923946053,-0.014725150160228077
BEL.NS,2025-02-03,2025-02-06,274.1392450161092,285.09099826958425,39.68447609180798,10879.072314668076,11308.030061366577,0.038910170372872616
LT.NS,2025-02-03,2025-02-06,3355.6233227486114,3339.9244504278204,3.242042168713073,10879.072314668076,10822.761820648528,-0.005673201611903128
ASIANPAINT.NS,2025-02-06,2025-02-11,2243.296570015997,2235.2537830164815,4.862934558131827,10909.004414469386,10864.457921191937,-0.004581170341690906
TITAN.NS,2025-02-06,2025-02-11,3469.0428470030197,3313.820637161762,3.144672722590875,10909.004414469386,10415.670924558686,-0.04569974525771649
TRENT.NS,2025-02-07,2025-02-12,5310.481863539801,5217.623342154052,2.047658247587562,10874.051986541443,10678.567514632441,-0.018467916799289254
APOLLOHOSP.NS,2025-02-12,2025-02-17,6316.777408845786,6126.862447017355,1.7151203318874757,10834.033365918895,10503.05220038054,-0.031034616179548957
EICHERMOT.NS,2025-02-12,2025-02-17,4835.99524611863,4591.752932908151,2.240290325887787,10834.033365918895,10281.716244623773,-0.05145409760565784
MAXHEALTH.NS,2025-02-12,2025-02-17,992.1896847824173,983.9140297340414,10.91931667108064,10834.033365918895,10738.297033351158,-0.00933196293910381
M&M.NS,2025-02-24,2025-02-28,2620.2118876985546,2645.8349556869607,4.09680791441736,10734.504798973889,10834.057847907094,0.008769731714045364
DRREDDY.NS,2025-02-27,2025-03-04,1114.321334751043,1097.1399512682924,9.693376587650503,10801.536337395219,10629.673221641578,-0.01640278667218989
ULTRACEMCO.NS,2025-02-28,2025-03-05,10215.41299921622,10115.986483166109,1.05170242553495,10743.574629116958,10633.688017264054,-0.010722762464539843
BSE.NS,2025-03-03,2025-03-06,1529.4674332802294,1451.5854954827282,7.00612702858072,10715.643123638594,10164.90737801018,-0.05186955677297891
ETERNAL.NS,2025-03-03,2025-03-06,222.0500030517578,231.44000244140625,48.25779318337085,10715.643123638594,11163.19938029014,0.04124600280794577
HCLTECH.NS,2025-03-03,2025-03-06,1478.046752725095,1482.6918496957885,7.249867505125948,10715.643123638594,10743.944801493972,0.002140085278495288
INFY.NS,2025-03-03,2025-03-06,1608.8426647276233,1630.42326495067,6.6604667806051445,10715.643123638594,10853.950304532453,0.012400834587329962
JIOFIN.NS,2025-03-03,2025-03-06,209.18315658113508,221.13647257094985,51.22612785261398,10715.643123638594,11322.301234187144,0.05608620800056173
TCS.NS,2025-03-03,2025-03-06,3305.397532195103,3373.6869322947687,3.241862141925898,10715.643123638594,10931.559430544272,0.01963981594816673
TATACONSUM.NS,2025-03-03,2025-03-06,948.5835838076507,948.8788804923836,11.296466970918466,10715.643123638594,10713.61944341786,-0.0006885086402178807
TECHM.NS,2025-03-03,2025-03-06,1420.8954477066839,1459.733247555143,7.541471922465213,10715.643123638594,11003.03303207571,0.026306507043221135
BAJAJ-AUTO.NS,2025-03-05,2025-03-10,7051.725495594133,7283.3142270492635,1.5048812833936944,10612.009713949734,10955.04299973077,0.03180910221270295
BSE.NS,2025-03-06,2025-03-11,1451.5854954827282,1299.1357276578788,7.473571014038643,10848.52728343864,9704.32852596716,-0.10591746389566663
INFY.NS,2025-03-13,2025-03-19,1520.381526929375,1523.9465678973438,7.0681813283393025,10746.332320594207,10766.144911260468,0.0013429892144787186
TECHM.NS,2025-03-20,2025-03-25,1329.1529459469286,1396.2665643249743,8.086184735788823,10747.776263044801,11284.824144847142,0.04944355711546133
TMPV.NS,2025-03-28,2025-04-03,660.6425544685536,648.9902025486085,16.34914915691524,10800.943662411883,10605.13240403241,-0.01861977813320597
BEL.NS,2025-04-03,2025-04-08,280.7669230850883,280.2212963558332,38.39776555917028,10780.822489390815,10754.491706336981,-0.0029409019264455168
DRREDDY.NS,2025-04-07,2025-04-11,1007.1845294873461,1125.5781320757885,10.60504477936229,10681.237036294244,11930.838090088033,0.11643207727174713
JSWSTEEL.NS,2025-04-07,2025-04-11,898.4065462387405,964.299578368344,11.889090836450602,10681.237036294244,11458.912958131872,0.07227152866583839
SUNPHARMA.NS,2025-04-07,2025-04-11,1600.1689587010642,1688.9630718417638,6.675068265894077,10681.237036294244,11268.306831216378,0.054435497985832956
BHARTIARTL.NS,2025-04-08,2025-04-15,1685.2253839852283,1770.9214425655305,6.484204746720246,10927.346434130466,11477.275715340102,0.049801066939473775
INFY.NS,2025-04-08,2025-04-15,1360.4289830692378,1374.3089224037624,8.032279942667415,10927.346434130466,11033.314575456383,0.00919292177601309
LT.NS,2025-04-08,2025-04-15,3066.127010634854,3120.1408904807195,3.563892296773419,10927.346434130466,11114.286161389775,0.01659921394960293
SHRIRAMFIN.NS,2025-04-08,2025-04-15,613.6824905016548,641.4787103327191,17.806189036284717,10927.346434130466,11416.580033347054,0.04424936692848976
TMPV.NS,2025-04-08,2025-04-15,581.3379341939119,603.7575768396013,18.796892119696984,10927.346434130466,11343.091655284496,0.03752754725532358
TATASTEEL.NS,2025-04-08,2025-04-15,129.1524944378805,129.8322893734728,84.6080943437471,10927.346434130466,10979.370156881374,0.00425874492254749
TRENT.NS,2025-04-08,2025-04-15,4892.940620753837,4868.99003734045,2.067233888318985,10114.852664754862,10060.308536474158,-0.005889534005403273
HINDUNILVR.NS,2025-04-25,2025-04-30,2266.5789615776075,2255.012618257728,4.9449980174349175,11208.228471360962,11145.457410111898,-0.006097395779973415
SHRIRAMFIN.NS,2025-04-29,2025-05-05,614.9615812146363,600.3500931226453,18.221940937897042,11205.793611968878,10934.074166972361,-0.024735753622258213
BAJFINANCE.NS,2025-05-02,2025-05-07,847.0836775838369,864.3208090993693,13.194664298742131,11176.984758662642,11398.720711022119,0.019328955431613705
JSWSTEEL.NS,2025-05-05,2025-05-08,951.7555863553671,954.4329791155652,11.780820345841775,11212.461576003878,11238.381457377476,0.001810797628919455
SUNPHARMA.NS,2025-05-13,2025-05-16,1689.9508569335937,1718.5939968482232,6.625816830559356,11197.304830688812,11381.395484700623,0.015932655482184685
ETERNAL.NS,2025-05-27,2025-05-30,226.39999389648438,226.55999755859375,49.53690076500754,11215.154030848458,11217.468576322219,-0.00029347665129571076
BAJAJ-AUTO.NS,2025-06-02,2025-06-05,8291.706133118769,8284.493031058282,1.3525352379409579,11214.824727694293,11199.46621860613,-0.0018685484828305557
TMPV.NS,2025-06-17,2025-06-20,680.4553901637183,667.8599496152863,16.478270725214326,11212.728135549092,10999.674467760542,-0.019491309682715632
TRENT.NS,2025-07-07,2025-07-10,5491.884754969654,5421.987803667603,2.0377088434415436,11190.862132363458,11042.908280317382,-0.01371409503786151
BSE.NS,2025-07-09,2025-07-14,2493.4309457280956,2418.627986114136,4.483017424882859,11178.094377441199,10837.330030355979,-0.030969527759625633
TITAN.NS,2025-07-09,2025-07-14,3430.045106416105,3360.971693038927,3.2588767875185964,11178.094377441199,10947.516137634659,-0.021117129127166505
TCS.NS,2025-07-14,2025-07-17,3125.217267735536,3095.5933632665156,3.557274321596409,11117.255135925312,11006.368843861614,-0.010469016393482316
HCLTECH.NS,2025-07-16,2025-07-21,1486.887817877951,1481.697931914697,7.470066987091017,11107.151601837882,11062.848614633993,-0.004486447017881039
AXISBANK.NS,2025-07-21,2025-07-24,1085.163068778452,1103.149269668163,10.229453348571319,11100.624987661664,11278.971683585703,0.015558585990245342
RELIANCE.NS,2025-07-22,2025-07-25,1415.178583447059,1386.9226057137396,7.8551389808577055,11116.424455709983,10889.02258866295,-0.02094591281341043
NESTLEIND.NS,2025-07-25,2025-07-30,1145.7266974660988,1103.706815062738,9.683468703848963,11094.608618077196,10682.366546683896,-0.03763815379023306
BAJFINANCE.NS,2025-07-28,2025-07-31,903.69476891972,866.6723590329987,12.255008813868093,11074.787358157659,10615.766859985908,-0.04192637871681706
KOTAKBANK.NS,2025-07-29,2025-08-01,392.72199647393273,395.91647865379014,28.038037912852484,11011.154226347246,11095.17087819861,0.0071265770332247565
TMPV.NS,2025-07-31,2025-08-05,654.4213402448943,650.5534683553224,16.795571787518103,10991.380599366932,10920.954270641012,-0.0069039622730815865
ADANIENT.NS,2025-08-01,2025-08-06,2423.9163500803693,2332.856809344485,4.549318702261429,11027.167984137885,10607.602657892567,-0.038529065450897314
SUNPHARMA.NS,2025-08-04,2025-08-07,1615.0486959049506,1566.6903250190755,6.790657436158013,10967.242436604254,10633.537877094726,-0.03091193372917747
ADANIENT.NS,2025-08-11,2025-08-14,2195.018553362488,2286.9773641331158,4.979550660769102,10930.206087796616,11382.42558491067,0.04085294686295508
BHARTIARTL.NS,2025-08-11,2025-08-14,1839.8450716527227,1849.7207591186288,5.940829614516439,10930.206087796616,10983.381426425602,0.004362808167188547
MAXHEALTH.NS,2025-08-18,2025-08-21,1213.9425783908225,1237.600669316871,9.04462265860758,10979.65255076214,11188.034240483272,0.01846966170141397
TATASTEEL.NS,2025-08-18,2025-08-21,154.80743468913022,158.6482248201789,70.9245817089499,10979.65255076214,11246.432954746513,0.023785816218019364
BSE.NS,2025-08-22,2025-08-28,2325.1743515390585,2212.172071405084,4.742040435625543,11026.070794877616,10484.964308457842,-0.049550411820020894
MAXHEALTH.NS,2025-08-28,2025-09-02,1193.8782621614212,1182.8978080930365,9.189721590904115,10971.408842695895,10865.066276102298,-0.0101876054775723
SHRIRAMFIN.NS,2025-08-28,2025-09-02,570.0322725577023,583.1279600120525,19.246995952470918,10971.408842695895,11217.849755381536,0.02195112718173765
INDIGO.NS,2025-08-29,2025-09-03,5715.0,5660.5,1.9102610858131652,10917.14210542224,10807.626359807298,-0.01052627666918958
TATACONSUM.NS,2025-09-05,2025-09-10,1064.9884061663035,1074.4086780461475,10.303233388477471,10972.824104754065,11064.348422832752,0.007837080750685437
TECHM.NS,2025-09-23,2025-09-26,1458.1428078575518,1388.8866687078616,7.53110589455343,10981.427895356697,10454.622651283667,-0.048448157026477666
TMPV.NS,2025-10-15,2025-10-20,399.68449564169015,396.7587624586154,27.342062098279534,10928.198299554628,10842.778619819412,-0.00831229057298893
DRREDDY.NS,2025-10-31,2025-11-06,1194.9222466829463,1194.425316605959,9.137925042384236,10919.109921666128,10909.111727365378,-0.0014149527168694743
MARUTI.NS,2025-11-04,2025-11-10,15451.817031735296,15227.074126502037,0.7063556201117627,10914.477801304882,10750.351522419565,-0.015529718552499393
POWERGRID.NS,2025-11-06,2025-11-11,269.11129224882916,264.0413982102207,40.54795750002864,10911.91324088331,10700.986223179727,-0.01982006565954567
ADANIENT.NS,2025-11-07,2025-11-12,2313.9654723483477,2310.2195672117296,4.699943331003675,10875.506589936387,10852.47209754693,-0.002616707225612846
GRASIM.NS,2025-11-07,2025-11-12,2691.6149714488274,2779.7402019782353,4.040513485508806,10875.506589936387,11225.96198341788,0.031708427991468204
HINDALCO.NS,2025-11-07,2025-11-12,784.4079318210144,793.8586366203243,13.86460558180326,10875.506589936387,11001.03361600665,0.011036659042374334
BHARTIARTL.NS,2025-11-10,2025-11-13,1970.2044759274668,2073.800695841544,5.5305070582739795,10896.229760359842,11463.434801112247,0.05152940054742325
TRENT.NS,2025-11-11,2025-11-14,4288.6625270201985,4328.603434736864,2.5450439950735735,10914.834811289813,11010.977935542585,0.008304329677994392
BAJFINANCE.NS,2025-11-12,2025-11-17,1004.8231337094597,1014.7620597331335,10.913300162631353,10965.936468527192,11068.865750041972,0.008881832824110864
BAJAJFINSV.NS,2025-11-12,2025-11-17,2007.7866940480783,2064.0388647491327,5.461703925538917,10965.936468527192,11267.532585480194,0.02698950217203111
TMPV.NS,2025-11-18,2025-11-21,370.03047917522923,356.0464828417497,29.80087261543282,11027.231173728573,10605.1906323997,-0.03875319923377532
HINDUNILVR.NS,2025-12-08,2025-12-11,2326.4365509724244,2273.1783599753567,4.721588368032479,10984.475758036999,10727.64599667133,-0.023869223217225757
INDIGO.NS,2025-12-09,2025-12-12,4901.0,4830.0,2.238098934798261,10968.922879446278,10804.612846148064,-0.015471860070780679
AXISBANK.NS,2025-12-17,2025-12-22,1219.6592876851394,1234.0482954798545,8.970754553433348,10941.264108638738,11064.809193649651,0.010786271500456496
ETERNAL.NS,2025-12-17,2025-12-22,286.25,286.0,38.2227567114017,10941.264108638738,10926.242565251156,-0.0018719897693075605
